Name			 Reference link

Name:AllComputer science and engineeringIndustrial engineeringSoftware engineering		Link<a href="https://scai.engineering.asu.edu/faculty/">All</a>
Name:Gail-Joon Ahn		Link<a href="https://isearch.asu.edu/profile/1258895">Gail-Joon Ahn</a>
Name:Robert Atkinson		Link<a href="https://isearch.asu.edu/profile/506050">Robert Atkinson</a>
Name:Janaka Balasooriya		Link<a href="https://isearch.asu.edu/profile/1097689">Janaka Balasooriya</a>
Name:Tiffany Bao		Link<a href="https://isearch.asu.edu/profile/3322259/">Tiffany Bao</a>
Name:Chitta Baral		Link<a href="https://isearch.asu.edu/profile/231973">Chitta Baral</a>
Name:Robert Barnhill		Link<a href="https://isearch.asu.edu/profile/42976"><strong>Robert Barnhill</strong></a>
Name:Rida Bazzi		Link<a href="https://isearch.asu.edu/profile/15427">Rida Bazzi</a>
Name:Heni Ben Amor		Link<a href="https://isearch.asu.edu/profile/2736878">Heni Ben Amor</a>
Name:Dimitri Bertsekas		Link<a href="https://isearch.asu.edu/profile/3410924/"><strong>Dimitri Bertsekas</strong></a>
Name:Vernon Blackledge		Link<a href="https://isearch.asu.edu/profile/17493"><strong>Vernon Blackledge</strong></a>
Name:Nadya Bliss		Link<a href="https://isearch.asu.edu/profile/2071635"><strong>Nadya Bliss</strong></a>
Name:Chris Bryan		Link<a href="https://isearch.asu.edu/profile/3335256/">Chris Bryan</a>
Name:Kevin Burger		Link<a href="https://isearch.asu.edu/profile/1097397">Kevin Burger</a>
Name:K. Selçuk Candan		Link<a href="https://isearch.asu.edu/profile/20861">K. Selçuk Candan</a>
Name:Zhichao Cao		Link<a href="https://search.asu.edu/profile/4082902"><strong>Zhichao Cao</strong></a>
Name:Yinong Chen		Link<a href="https://isearch.asu.edu/profile/328180">Yinong Chen</a>
Name:Charles Colbourn		Link<a href="https://isearch.asu.edu/profile/384970">Charles Colbourn</a>
Name:James Collofello		Link<a href="https://isearch.asu.edu/profile/25234">James Collofello</a>
Name:Jedidiah Crandall		Link<a href="https://isearch.asu.edu/profile/3584805"><strong>Jedidiah Crandall</strong></a>
Name:Partha Dasgupta		Link<a href="https://isearch.asu.edu/profile/75201">Partha Dasgupta</a>
Name:Hasan Davulcu		Link<a href="https://isearch.asu.edu/profile/515694">Hasan Davulcu</a>
Name:Yuli Deng		Link<a href="https://isearch.asu.edu/profile/1554300">Yuli Deng</a>
Name:Adam Doupé		Link<a href="https://isearch.asu.edu/profile/2412296">Adam Doupé</a>
Name:Xuerong Feng		Link<a href="https://isearch.asu.edu/profile/1283831">Xuerong Feng</a>
Name:Stephanie Forrest		Link<a href="https://isearch.asu.edu/profile/3182641">Stephanie Forrest</a>
Name:Samira Ghayekhloo		Link<a href="https://isearch.asu.edu/profile/3516139/">Samira Ghayekhloo</a>
Name:Jeffrey Goss		Link<a href="https://isearch.asu.edu/profile/475315"><strong>Jeffrey Goss</strong></a>
Name:Sandeep Gupta		Link<a href="https://isearch.asu.edu/profile/313263">Sandeep Gupta</a>
Name:Dianne Hansford		Link<a href="https://isearch.asu.edu/profile/28616">Dianne Hansford</a>
Name:Rakibul Hasan		Link<a href="https://isearch.asu.edu/profile/3982178"><strong>Rakibul Hasan</strong></a>
Name:Zilin Jiang		Link<a href="https://isearch.asu.edu/profile/3691673">Zilin Jiang</a>
Name:Subbarao Kambhampati		Link<a href="https://isearch.asu.edu/profile/95646">Subbarao Kambhampati</a>
Name:Michel A. Kinsy		Link<a href="https://isearch.asu.edu/profile/472846">Michel A. Kinsy</a>
Name:Yoshihiro Kobayashi		Link<a href="https://isearch.asu.edu/profile/325953">Yoshihiro Kobayashi</a>
Name:Heewook Lee		Link<a href="https://isearch.asu.edu/profile/3505050/"><strong>Heewook Lee</strong></a>
Name:Joohyung Lee		Link<a href="https://isearch.asu.edu/profile/841979">Joohyung Lee</a>
Name:Kookjin Lee		Link<a href="https://isearch.asu.edu/profile/3957975"><strong>Kookjin Lee</strong></a>
Name:William Lewis		Link<a href="https://isearch.asu.edu/profile/60335"><strong>William Lewis</strong></a>
Name:Huan Liu		Link<a href="https://isearch.asu.edu/profile/255975">Huan Liu</a>
Name:Ross Maciejewski		Link<a href="https://isearch.asu.edu/profile/1783228">Ross Maciejewski</a>
Name:Gerald Mackulak		Link<a href="https://isearch.asu.edu/profile/10287"><strong>Gerald Mackulak</strong></a>
Name:Ryan Meuth		Link<a href="https://isearch.asu.edu/profile/2203687">Ryan Meuth</a>
Name:Katina Michael		Link<a href="https://isearch.asu.edu/profile/3298186/">Katina Michael</a>
Name:Ariane Middel		Link<a href="https://isearch.asu.edu/profile/854979">Ariane Middel</a>
Name:Phill Miller		Link<a href="https://isearch.asu.edu/profile/2224799">Phill Miller</a>
Name:Gregory Nielson		Link<a href="https://isearch.asu.edu/profile/72612"><strong>Gregory Nielson</strong></a>
Name:Sethuraman Panchanathan		Link<a href="https://isearch.asu.edu/profile/88253">Sethuraman Panchanathan</a>
Name:David Pheanis		Link<a href="https://isearch.asu.edu/profile/77201"><strong>David Pheanis</strong></a>
Name:Fengbo Ren		Link<a href="https://isearch.asu.edu/profile/2436287">Fengbo Ren</a>
Name:Andrea Richa		Link<a href="https://isearch.asu.edu/profile/198256">Andrea Richa</a>
Name:Hessam Sarjoughian		Link<a href="https://isearch.asu.edu/profile/333046">Hessam Sarjoughian</a>
Name:Mohamed Sarwat		Link<a href="https://isearch.asu.edu/profile/2412294">Mohamed Sarwat</a>
Name:Hasti Seifi		Link<a href="https://search.asu.edu/profile/4383315">Hasti Seifi</a>
Name:Justin Selgrad		Link<a href="https://isearch.asu.edu/profile/2076616">Justin Selgrad</a>
Name:Arunabha Sen		Link<a href="https://isearch.asu.edu/profile/40210">Arunabha Sen</a>
Name:Paulo Shakarian		Link<a href="https://isearch.asu.edu/profile/2424157">Paulo Shakarian</a>
Name:Yan Shoshitaishvili		Link<a href="https://isearch.asu.edu/profile/3153940">Yan Shoshitaishvili</a>
Name:Aviral Shrivastava		Link<a href="https://isearch.asu.edu/profile/969623">Aviral Shrivastava</a>
Name:Siddharth Srivastava		Link<a href="https://isearch.asu.edu/profile/3169276">Siddharth Srivastava</a>
Name:Vijay Suthar		Link<a href="https://isearch.asu.edu/profile/2636984">Vijay Suthar</a>
Name:Violet Syrotiuk		Link<a href="https://isearch.asu.edu/profile/518662">Violet Syrotiuk</a>
Name:Farideh Tadayon-Navabi		Link<a href="https://isearch.asu.edu/profile/71640">Farideh Tadayon-Navabi</a>
Name:Ni Trieu		Link<a href="https://isearch.asu.edu/profile/3720292">Ni Trieu</a>
Name:Wei-Tek Tsai		Link<a href="https://isearch.asu.edu/profile/258423"><strong>Wei-Tek Tsai</strong></a>
Name:Joseph Urban		Link<a href="https://isearch.asu.edu/profile/52626"><strong>Joseph Urban<br/></strong></a>
Name:Kurt VanLehn		Link<a href="https://isearch.asu.edu/profile/1203192">Kurt VanLehn</a>
Name:Sarma Vrudhula		Link<a href="https://isearch.asu.edu/profile/761142">Sarma Vrudhula</a>
Name:Ruoyu Wang		Link<a href="https://isearch.asu.edu/profile/3322258/">Ruoyu Wang</a>
Name:Yalin Wang		Link<a href="https://isearch.asu.edu/profile/1638618">Yalin Wang</a>
Name:Marvin Woodfill		Link<a href="https://isearch.asu.edu/profile/109042"><strong>Marvin Woodfill</strong></a>
Name:Guoliang Xue		Link<a href="https://isearch.asu.edu/profile/378651">Guoliang Xue</a>
Name:Yezhou Yang		Link<a href="https://isearch.asu.edu/profile/3020558">Yezhou Yang</a>
Name:Yingzhen Yang		Link<a href="https://isearch.asu.edu/profile/3520440/"><strong>Yingzhen Yang</strong></a>
Name:Stephen Yau		Link<a href="https://isearch.asu.edu/profile/94570">Stephen Yau</a>
Name:Yu Zhang		Link<a href="https://isearch.asu.edu/profile/2206334">Yu Zhang</a>
Name:Ming Zhao		Link<a href="https://isearch.asu.edu/profile/2740006">Ming Zhao</a>
Name:Jia Zou		Link<a href="https://isearch.asu.edu/profile/3502000/">Jia Zou</a>
